,Age,OS,Grade,IDH(DNA&RNA),PTEN,EGFR,ATRX
Age,1.0,-0.19316537174006648,0.28519135874135976,-0.4280327968642782,0.09242280789053238,-0.11115563093490123,0.11410874860032492
OS,-0.19316537174006648,1.0,-0.5578024985054584,0.404209521132288,-0.0684673677546677,0.06644522118017944,0.15415466724386162
Grade,0.28519135874135976,-0.5578024985054584,1.0,-0.5095810596788136,0.08892286944169228,-0.13251648618570688,-0.04134196158777328
IDH(DNA&RNA),-0.4280327968642782,0.404209521132288,-0.5095810596788136,1.0,-0.1789509102650398,0.18392412448233827,-0.0482119179470154
PTEN,0.09242280789053238,-0.0684673677546677,0.08892286944169228,-0.1789509102650398,1.0,-0.054336253487608364,-0.025522952834260704
EGFR,-0.11115563093490123,0.06644522118017944,-0.13251648618570688,0.18392412448233827,-0.054336253487608364,1.0,-0.06822966775830812
ATRX,0.11410874860032492,0.15415466724386162,-0.04134196158777328,-0.0482119179470154,-0.025522952834260704,-0.06822966775830812,1.0
