,OS,OS,OS,Age,Age
,count,mean,median,mean,median
Gender,,,,,
F,115,820.3739130434783,564.0,44.99180327868852,43.0
M,195,739.7897435897436,448.0,42.320197044334975,42.0
