metric,value
count,310.0
mean,769.6838709677419
median,488.5
min,21.0
max,2491.0
std,659.4187325118661
